"timestamp","temp","temp1"
"2026-03-12T11:17:11.639Z","12","15"
"2026-03-12T11:21:44.565Z",12,15
"2026-03-12T11:22:19.787Z",13,16
"2026-03-12T11:22:27.645Z",14,17
"2026-03-12T11:22:39.651Z",15,18
"2026-03-12T11:22:49.617Z",16,19
"2026-03-12T11:22:58.378Z",17,20
"2026-03-12T11:23:07.324Z",18,21
"2026-03-12T11:23:18.715Z",19,21
"2026-03-12T11:23:30.217Z",20,21
"2026-03-12T11:23:42.319Z",21,22
"2026-03-12T11:23:53.323Z",22,23
"2026-03-12T11:24:03.604Z",23,24
"2026-03-12T11:24:12.466Z",24,25