"timestamp","temp","hum","lightstatus","distance","gas"
"2026-06-22T08:38:04.189Z","24.0","40","DARK","108.8","6626"
"2026-06-22T08:38:20.980Z","26.3","41","DARK","24.1","24800"
"2026-06-22T08:38:37.295Z","24.3","90","BRIGHT","79.8","16337"
"2026-06-22T08:38:54.336Z","28.5","45","DARK","7.1","47806"
"2026-06-22T15:25:00.087Z","32.8","56","BRIGHT","130.4","2117"
"2026-06-22T15:25:16.408Z","29.9","35","BRIGHT","191.5","36564"
"2026-06-22T15:25:32.947Z","33.0","40","DARK","115.1","5338"
"2026-06-22T15:25:49.236Z","25.9","76","BRIGHT","114.6","38688"
"2026-06-22T15:26:05.513Z","28.4","42","BRIGHT","54.8","23799"
"2026-06-22T15:26:21.864Z","27.2","32","BRIGHT","145.7","37518"
"2026-06-22T15:26:38.228Z","37.3","89","DARK","76.6","14503"
"2026-06-22T15:26:56.899Z","33.8","64","DARK","8.4","33007"
"2026-06-22T15:27:13.610Z","22.9","38","BRIGHT","138.0","1605"
"2026-06-22T15:27:29.867Z","27.3","66","BRIGHT","188.4","12693"
"2026-06-22T15:27:46.178Z","25.5","65","BRIGHT","11.3","33900"
"2026-06-22T15:28:02.564Z","31.1","78","DARK","108.6","14049"
"2026-06-22T15:28:19.352Z","21.2","61","DARK","61.7","49202"
"2026-06-22T15:28:35.747Z","30.1","63","BRIGHT","66.1","39767"
"2026-06-22T15:28:57.570Z","27.1","65","BRIGHT","70.7","19579"
"2026-06-22T15:29:14.229Z","38.0","75","DARK","158.9","43038"
"2026-06-22T15:29:34.002Z","28.1","53","BRIGHT","37.8","13000"
"2026-06-22T15:29:50.880Z","31.1","87","DARK","8.5","16529"
"2026-06-22T15:30:07.287Z","37.7","70","DARK","187.0","23702"
"2026-06-22T15:30:23.868Z","21.0","81","BRIGHT","134.8","44912"
"2026-06-22T15:30:40.577Z","20.4","78","BRIGHT","61.7","31664"
"2026-06-22T15:30:56.821Z","38.3","85","DARK","70.3","9608"
"2026-06-22T15:31:13.185Z","35.7","87","DARK","71.8","48232"
"2026-06-22T15:31:29.483Z","21.6","57","DARK","108.5","47915"
"2026-06-22T15:31:45.782Z","25.6","35","BRIGHT","104.3","2878"
"2026-06-22T15:32:02.304Z","29.1","64","DARK","164.5","26895"
"2026-06-22T15:32:18.578Z","33.7","61","DARK","191.2","49609"
"2026-06-22T15:32:34.954Z","28.0","35","BRIGHT","25.1","29517"
"2026-06-22T15:32:51.428Z","37.2","83","BRIGHT","140.9","16854"
"2026-06-22T15:33:07.718Z","37.8","84","DARK","188.2","30335"
"2026-06-22T15:33:24.070Z","25.7","88","BRIGHT","78.2","10274"
"2026-06-22T15:33:42.629Z","39.6","67","BRIGHT","60.0","39664"
"2026-06-22T15:34:01.939Z","21.6","39","BRIGHT","110.4","37896"
"2026-06-22T15:34:18.957Z","20.6","34","BRIGHT","95.7","38594"
"2026-06-22T15:34:38.016Z","21.8","45","BRIGHT","48.6","16912"
"2026-06-22T15:34:54.423Z","26.2","43","DARK","143.2","2211"
"2026-06-22T15:35:11.079Z","22.8","52","BRIGHT","33.7","37035"
"2026-06-22T15:35:27.692Z","38.8","55","BRIGHT","67.5","10630"
"2026-06-22T15:35:44.246Z","38.3","38","BRIGHT","21.4","27353"
"2026-06-22T15:36:01.225Z","25.7","44","BRIGHT","19.2","10141"
"2026-06-22T15:36:18.742Z","28.9","37","DARK","122.4","34887"
"2026-06-22T15:36:35.248Z","37.3","33","DARK","174.3","26730"
"2026-06-22T15:36:51.891Z","24.4","60","BRIGHT","53.0","10493"
"2026-06-22T15:37:08.488Z","20.4","89","DARK","162.8","49227"
"2026-06-22T15:37:25.006Z","23.0","90","DARK","80.3","37235"
"2026-06-22T15:37:41.578Z","22.6","87","DARK","174.5","32601"
"2026-06-22T15:37:58.393Z","38.0","40","DARK","95.4","45706"
"2026-06-22T15:38:15.132Z","28.0","31","BRIGHT","37.9","7078"
"2026-06-22T15:38:31.736Z","26.5","81","DARK","55.5","16929"
"2026-06-22T15:38:48.421Z","35.0","43","BRIGHT","8.1","27247"
"2026-06-22T15:39:04.948Z","22.4","30","DARK","138.0","38669"
"2026-06-22T15:39:21.667Z","37.8","89","DARK","149.1","46786"
"2026-06-22T15:39:38.246Z","28.4","82","BRIGHT","45.8","16149"
"2026-06-22T15:39:54.783Z","21.1","35","BRIGHT","161.4","39790"
"2026-06-22T15:40:11.322Z","27.9","34","BRIGHT","183.3","29863"
"2026-06-22T15:40:28.006Z","28.2","75","BRIGHT","92.7","20844"
"2026-06-22T15:40:44.575Z","21.7","35","BRIGHT","82.1","30968"
"2026-06-22T15:41:01.080Z","35.5","47","BRIGHT","190.9","31266"
"2026-06-22T15:41:17.662Z","21.7","79","DARK","48.0","49907"
"2026-06-22T15:41:34.330Z","34.3","42","DARK","9.0","1014"
"2026-06-22T15:41:50.848Z","38.0","66","BRIGHT","170.1","39360"
"2026-06-22T15:42:08.187Z","37.2","46","BRIGHT","5.5","30398"
"2026-06-22T15:42:25.293Z","25.7","53","BRIGHT","165.4","47915"
"2026-06-22T15:42:41.868Z","39.6","86","DARK","52.1","36206"
"2026-06-22T15:42:58.429Z","30.7","42","DARK","36.4","44279"
"2026-06-22T15:43:15.035Z","20.6","83","BRIGHT","152.2","19948"
"2026-06-22T15:43:31.738Z","22.4","75","BRIGHT","61.3","6043"
"2026-06-22T15:43:48.454Z","24.1","58","BRIGHT","147.7","19725"
"2026-06-22T15:44:04.972Z","32.0","52","BRIGHT","182.2","24534"
"2026-06-22T15:44:21.619Z","25.0","45","DARK","32.3","6224"
"2026-06-22T15:44:38.825Z","23.7","70","BRIGHT","190.7","26349"
"2026-06-22T15:44:55.374Z","24.6","79","DARK","116.5","34634"
"2026-06-22T15:45:12.236Z","26.4","45","DARK","159.1","32246"
"2026-06-22T15:45:28.834Z","23.8","49","DARK","16.4","34315"
"2026-06-22T15:45:45.531Z","34.1","63","DARK","190.5","15923"
"2026-06-22T15:46:02.219Z","33.7","52","BRIGHT","192.1","35011"
"2026-06-22T15:46:18.718Z","21.3","39","DARK","60.9","7118"
"2026-06-22T15:46:35.431Z","25.9","37","BRIGHT","98.3","43102"
"2026-06-22T15:46:52.506Z","28.1","33","DARK","76.1","23246"
"2026-06-22T15:47:09.136Z","25.1","65","BRIGHT","12.3","22679"
"2026-06-22T15:47:25.704Z","23.4","73","DARK","21.6","8358"
"2026-06-22T15:47:42.405Z","39.1","48","DARK","74.5","16044"
"2026-06-22T15:48:02.286Z","27.4","79","BRIGHT","197.1","26443"
"2026-06-22T15:48:18.950Z","27.1","56","BRIGHT","140.1","43027"
"2026-06-22T15:48:35.502Z","24.2","84","BRIGHT","187.3","34407"
"2026-06-22T15:48:52.021Z","30.1","72","DARK","69.6","30917"
"2026-06-22T15:49:15.685Z","23.4","90","DARK","147.1","2194"
"2026-06-22T15:49:32.244Z","30.2","59","DARK","192.1","46538"
"2026-06-22T15:49:48.798Z","25.7","70","BRIGHT","95.5","11283"
"2026-06-22T15:50:11.575Z","20.2","59","DARK","24.7","38672"