Timestamp,Temperature (°C)
1/18/2025 0:00,13.81
1/18/2025 0:15,13.07
1/18/2025 0:30,14.66
1/18/2025 0:45,14.77
1/18/2025 1:00,15.59
1/18/2025 1:15,15.51
1/18/2025 1:30,15.87
1/18/2025 1:45,16.1
1/18/2025 2:00,16.12
1/18/2025 2:15,16.49
1/18/2025 2:30,15.6
1/18/2025 2:45,16.34
1/18/2025 3:00,16.15
1/18/2025 3:15,16.89
1/18/2025 3:30,16.95
1/18/2025 3:45,17.03
1/18/2025 4:00,17.15
1/18/2025 4:15,17.79
1/18/2025 4:30,18.52
1/18/2025 4:45,18.89
1/18/2025 5:00,18.92
1/18/2025 5:15,19.45
1/18/2025 5:30,19.56
1/18/2025 5:45,19.6
1/18/2025 6:00,19.25
1/18/2025 6:15,19.64
1/18/2025 6:30,19.45
1/18/2025 6:45,19.85
1/18/2025 7:00,19.93
1/18/2025 7:15,20.4
1/18/2025 7:30,20.61
1/18/2025 7:45,20.76
1/18/2025 8:00,20.9
1/18/2025 8:15,21.35
1/18/2025 8:30,22.51
1/18/2025 8:45,22.41
1/18/2025 9:00,23
1/18/2025 9:15,24.64
1/18/2025 9:30,26.74
1/18/2025 9:45,27.74
1/18/2025 10:00,27.65
1/18/2025 10:15,28.44
1/18/2025 10:30,28.45
1/18/2025 10:45,29.15
1/18/2025 11:00,29.16
1/18/2025 11:15,28.98
1/18/2025 11:30,28.22
1/18/2025 11:45,29.54
1/18/2025 12:00,29.93
1/18/2025 12:15,30.54
1/18/2025 12:30,30.69
1/18/2025 12:45,31.5
1/18/2025 13:00,32.15
1/18/2025 13:15,31.73
1/18/2025 13:30,31.92
1/18/2025 13:45,31.99
1/18/2025 14:00,31.52
1/18/2025 14:15,30.59
1/18/2025 14:30,29.45
1/18/2025 14:45,29.16
1/18/2025 15:00,29.61
1/18/2025 15:15,29.39
1/18/2025 15:30,28.01
1/18/2025 15:45,28.65
1/18/2025 16:00,29.02
1/18/2025 16:15,29.97
1/18/2025 16:30,29.64
1/18/2025 16:45,30.25
1/18/2025 17:00,30.39
1/18/2025 17:15,28.35
1/18/2025 17:30,27.55
1/18/2025 17:45,27.42
1/18/2025 18:00,26.42
1/18/2025 18:15,26.45
1/18/2025 18:30,25.36
1/18/2025 18:45,25.85
1/18/2025 19:00,24.72
1/18/2025 19:15,23.45
1/18/2025 19:30,23.58
1/18/2025 19:45,24.97
1/18/2025 20:00,23.89
1/18/2025 20:15,23.1
1/18/2025 20:30,22.62
1/18/2025 20:45,22.21
1/18/2025 21:00,21.65
1/18/2025 21:15,20.89
1/18/2025 21:30,20.74
1/18/2025 21:45,19.95
1/18/2025 22:00,20.4
1/18/2025 22:15,20.65
1/18/2025 22:30,19.03
1/18/2025 22:45,19.45
1/18/2025 23:00,18.15
1/18/2025 23:15,16.41
1/18/2025 23:30,15.76
1/18/2025 23:45,14.35
