date,tavg,tmin,tmax,prcp,snow,wdir,wspd,wpgt,pres,tsun
2024-01-01,21.7,15.9,28.2,0,,100,10.2,,1015.3,
2024-01-02,21.5,18,27.1,0,,95,11.9,,1014.8,
2024-01-03,21.2,16,26.8,0,,91,10.6,,1014.4,
2024-01-04,21.4,18,25,0,,95,11.1,,1014.2,
2024-01-05,22.3,18.9,25.8,0,,109,10.9,,1014.1,
2024-01-06,22.2,19,28.6,0.2,,103,11.9,,1014.2,
2024-01-07,22.2,16.5,29.2,0,,90,11.5,,1014.8,
2024-01-08,20.5,18.6,23.7,8.8,,88,14.2,,1015.5,
2024-01-09,21.4,18.4,26.2,0.5,,89,13.8,,1015.5,
2024-01-10,20.9,16.5,26.4,0,,93,12,,1015.6,
2024-01-11,21.7,16.8,29.2,0,,85,11.6,,1015.8,
2024-01-12,21.1,15.5,27.6,0,,89,12.9,,1015.7,
2024-01-13,21.5,15.7,27.9,0,,85,9.2,,1016,
2024-01-14,21.9,16.6,29,0,,77,8.8,,1015.5,
2024-01-15,21.6,15.3,28.2,0,,85,8.2,,1014.8,
2024-01-16,21.5,15.4,28.1,0,,96,8.5,,1013.6,
2024-01-17,21.7,15.2,28.2,0,,119,8.7,,1013.3,
2024-01-18,21.9,15.7,28.6,0,,132,8.4,,1013.6,
2024-01-19,22.6,16.4,29.3,0,,98,8.7,,1014,
2024-01-20,22.5,15.8,29,0,,107,9.9,,1015.1,
2024-01-21,22.8,16.5,30,0,,101,8.7,,1015,
2024-01-22,23,16.2,29.8,0,,110,8.9,,1015.8,
2024-01-23,22.6,15.6,29,0,,123,8.2,,1015.4,
2024-01-24,22.8,17,29.8,0,,155,8.7,,1014.9,
2024-01-25,23,17.4,28.6,0,,115,9.3,,1015.9,
2024-01-26,22,16.7,28,0,,98,11.8,,1017.7,
2024-01-27,21.9,16.6,28,0,,92,11.9,,1018,
2024-01-28,21.5,15.6,28.1,0,,95,11.4,,1017.6,
2024-01-29,21.6,15.6,28,0,,79,10.4,,1017,
2024-01-30,21.8,14.3,29.6,0,,86,7.6,,1015.9,
2024-01-31,23,16.6,30.6,0,,141,8.5,,1015.8,
2024-02-01,23.6,18,30,0,,181,7.3,,1015.9,
2024-02-02,24,17.9,30.6,0,,139,7.8,,1015.4,
2024-02-03,24.2,18.9,30.3,0,,110,10.1,,1016,
2024-02-04,23.3,16.9,30,0,,93,10.9,,1017.8,
2024-02-05,23.4,15.6,31.2,0,,90,10.4,,1017.8,
2024-02-06,24,15.4,31.8,0,,81,11.1,,1017.1,
2024-02-07,24.4,16.5,33,0,,78,11.3,,1016.9,
2024-02-08,24.7,16.6,33.6,0,,79,10.4,,1015.6,
2024-02-09,24.4,16.3,31.8,0,,97,10.7,,1016,
2024-02-10,23.4,16.3,30.6,0,,97,11.2,,1017.6,
2024-02-11,23,16.6,30,0,,96,12,,1018.1,
2024-02-12,23.1,15.1,31,0,,86,11,,1017.2,
2024-02-13,23.1,16.2,30.1,0,,95,10.5,,1017,
2024-02-14,23.5,17.1,30.3,0,,95,11.7,,1016.2,
2024-02-15,23.4,16.8,30.4,0,,92,12.1,,1015.9,
2024-02-16,23,16.1,29.6,0,,94,13.3,,1016.6,
2024-02-17,24,16.4,31,0,,86,11.2,,1015.1,
2024-02-18,24.6,16.7,32,0,,91,9.8,,1013.9,
2024-02-19,24.4,16.5,32.4,0,,97,9.6,,1014.5,
2024-02-20,25.1,18.2,32,0,,104,7.9,,1014.2,
2024-02-21,25.6,18.6,32.1,0,,180,8.1,,1013.1,
2024-02-22,26,19,32.6,0,,253,7.4,,1013.1,
2024-02-23,26.2,18.3,32.7,0,,269,6.8,,1012.7,
2024-02-24,26,19.5,32,0,,145,9.1,,1012.5,
2024-02-25,25.6,19.9,32,0,,113,12.2,,1012.4,
2024-02-26,24,17.8,30.2,0,,102,14.6,,1013.5,
2024-02-27,24.1,18.1,31.1,0,,97,12.5,,1014.3,
2024-02-28,24.8,16.7,32.6,0,,93,11.8,,1013.6,
2024-02-29,24.6,15.8,33,0,,91,13.9,,1014.1,
2024-03-01,24.6,16.6,31.8,0,,104,12.2,,1015.1,
2024-03-02,25.1,16.4,32,0,,113,11.3,,1014.4,
2024-03-03,25.5,18.4,32.6,0,,119,8.8,,1013.4,
2024-03-04,26.6,18.4,34.3,0,,122,9.4,,1012.8,
2024-03-05,26.8,18.7,34.8,0,,119,9.5,,1013,
2024-03-06,26.9,18.7,34.1,0,,159,8.5,,1013.2,
2024-03-07,27,19.6,34.3,0,,147,8.4,,1012.5,
2024-03-08,27.1,20,33.6,0,,184,8.7,,1012.6,
2024-03-09,27.6,19.8,34,0,,134,8.5,,1012.8,
2024-03-10,27,20.6,33,0,,120,9.4,,1014.4,
2024-03-11,27.1,19.9,33.6,0,,109,10.4,,1015.9,
2024-03-12,27.2,19.8,34.8,0,,120,10.2,,1014.8,
2024-03-13,27.6,20.6,33.5,0,,154,8,,1013.7,
2024-03-14,27.9,20.6,33.6,0,,265,7,,1013.5,
2024-03-15,28.3,21.6,34.5,0,,170,10.2,,1012.3,
2024-03-16,27.9,21.5,34.9,0,,134,9.7,,1012.9,
2024-03-17,27.1,19.9,33.8,0,,128,11.1,,1013.2,
2024-03-18,27.1,20.1,33.7,0,,134,9.3,,1012.9,
2024-03-19,27.1,19.7,34,0,,132,9.4,,1012.4,
2024-03-20,27.4,19.7,35,0,,117,9.7,,1012,
2024-03-21,25.9,19.5,32.3,0,,101,12.5,,1012.8,
2024-03-22,26.8,19.8,33.9,0,,89,10,,1011.1,
2024-03-23,27.2,18.9,34.2,0,,107,10.1,,1011,
2024-03-24,27.5,19.2,34.8,0,,128,11,,1012.6,
2024-03-25,27.4,18.9,34.5,0,,114,11.3,,1012.8,
2024-03-26,27.4,19.1,34.6,0,,106,11.9,,1013.4,
2024-03-27,26.7,18.2,34.2,0,,116,11.5,,1015,
2024-03-28,27.7,19.2,34.9,0,,120,12.9,,1013.3,
2024-03-29,28.2,20.8,35.9,0,,135,13.9,,1012.4,
2024-03-30,28.2,21.6,35.6,0,,128,12.9,,1013.2,
2024-03-31,27.4,20.3,34.9,0,,137,11.7,,1013.9,
2024-04-01,28,20.2,35.9,0,,137,9.8,,1011.5,
2024-04-02,29,22.2,36.8,0,,130,11.7,,1010,
2024-04-03,29,21.4,36.3,0,,142,10.8,,1010.7,
2024-04-04,29.1,21.5,36,0,,132,9.6,,1011.2,
2024-04-05,29.5,21.7,37,0,,145,9.5,,1010.7,
2024-04-06,29.9,21.8,37.1,0,,138,10.4,,1009.4,
2024-04-07,29.5,22.2,36.6,0,,164,10.2,,1009.4,
2024-04-08,29.4,21.6,36.8,0,,148,10.1,,1010.1,
2024-04-09,28.3,20,34.7,0,,123,11.8,,1011.4,
2024-04-10,28.1,19.2,35.3,0,,109,11.8,,1011.4,
2024-04-11,28.4,20.1,35.5,0,,121,10.9,,1011.4,
2024-04-12,27.5,21.9,33.7,0.1,,117,12.6,,1011.9,
2024-04-13,27.6,21.3,34.2,0,,113,16.4,,1012,
2024-04-14,28.2,20.8,34.9,0,,107,10.8,,1012.5,
2024-04-15,28.5,20.4,35.5,0,,104,11.8,,1012.6,
2024-04-16,28.4,19.7,35.8,0,,122,12.7,,1011.7,
2024-04-17,29.7,22,37.2,0,,149,11.8,,1010.4,
2024-04-18,30.5,22.9,37.7,0,,139,11.6,,1009.4,
2024-04-19,30.7,23.7,37.7,0,,172,8.3,,1008.1,
2024-04-20,29.5,23.9,36.9,0,,239,9.5,,1008.6,
2024-04-21,30.1,22.8,36.6,0,,72,9.5,,1008.8,
2024-04-22,30.1,23.1,36.7,0,,157,9.5,,1009.4,
2024-04-23,29.9,22.2,36.9,0,,131,9.5,,1008.7,
2024-04-24,29.5,22.2,36.4,0,,137,11,,1008.6,
2024-04-25,30.1,22.4,36.9,0,,102,10.3,,1008.5,
2024-04-26,30.2,22.9,36.6,0,,122,10.8,,1008.5,
2024-04-27,29.9,22,37.6,0,,117,9.9,,1008.6,
2024-04-28,30.4,22.4,37.9,0,,108,9.9,,1008.9,
2024-04-29,30.3,23,37.1,0,,136,8.6,,1010.2,
2024-04-30,30.9,23.2,38,0,,128,9.4,,1008.9,
2024-05-01,31.1,23,39.5,0,,225,10.6,,1006.9,
2024-05-02,31.1,24.6,37.8,0,,226,8.7,,1007.4,
2024-05-03,27.8,24.4,38.2,0,,230,8.8,,1008.5,
2024-05-04,29.5,23.3,37,17,,246,10.8,,1009.2,
2024-05-05,30.3,24.1,37.6,0,,237,11.3,,1007.9,
2024-05-06,29.4,22,37.9,0.2,,215,10,,1008.5,
2024-05-07,28,21.3,36.3,19.6,,232,9.5,,1010.3,
2024-05-08,25.5,21.7,33.8,0,,68,8,,1010.3,
2024-05-09,27.8,20.2,34.2,18,,124,7.2,,1009.6,
2024-05-10,27.2,22,33.6,14,,177,8,,1010.8,
2024-05-11,27.4,21,31.9,1.5,,165,6.8,,1010.9,
2024-05-12,26.5,21.1,33.2,0,,129,6,,1011.2,
2024-05-13,25.3,21,33.6,14,,91,6.2,,1010.5,
2024-05-14,25.8,20.2,30.4,25.9,,114,5.6,,1011.3,
2024-05-15,27,23.2,31.4,0,,70,8.7,,1011.1,
2024-05-16,25.3,21.3,30.2,0.4,,129,5.8,,1011.4,
2024-05-17,24.7,22.1,30.5,19.1,,350,5.7,,1010.3,
2024-05-18,25,22,29.2,0,,274,4.1,,1009,
2024-05-19,24,20.9,29.3,30.2,,2,4.2,,1007.2,
2024-05-20,24.7,22,28.6,18,,296,4.5,,1007.1,
2024-05-21,25.7,21.7,30,2,,24,7,,1006.8,
2024-05-22,26.6,22.1,31.6,0,,55,9.1,,1005.6,
2024-05-23,27.6,23.2,32.4,0.3,,44,7.1,,1004.5,
2024-05-24,26.3,22.2,33.4,0,,286,7.6,,1004.9,
2024-05-25,25.1,21.6,32,1,,274,13.8,,1005.8,
2024-05-26,25.2,21.6,30.7,0,,274,15.9,,1006.6,
2024-05-27,25.7,20.7,30.6,0,,267,16.4,,1006.8,
2024-05-28,26,21.5,32.1,0,,260,15,,1007.3,
2024-05-29,26.1,20.7,31.3,0,,264,13.7,,1007.1,
2024-05-30,26.3,21.8,32.4,10,,274,12.1,,1007.9,
2024-05-31,27.4,21.7,34.4,1.2,,306,9.9,,1008.1,
2024-06-01,25.8,21.6,32.8,8.1,,275,10.8,,1008.8,
2024-06-02,24.3,20.4,33.8,30,,273,8.5,,1009.3,
2024-06-03,24.9,19.3,31.8,111,,269,8.4,,1009.9,
2024-06-04,26.2,21.9,30.8,0,,252,7.7,,1010.6,
2024-06-05,25.1,21.3,31.4,0.5,,260,7.3,,1011,
2024-06-06,24.3,21.6,31.2,6.1,,256,8.5,,1011.4,
2024-06-07,24,21.8,29.6,5.1,,233,11,,1009.9,
2024-06-08,24.7,21.4,29,14.5,,235,16.2,,1009.2,
2024-06-09,22.9,20.8,29.6,0,,237,18.1,,1009,
2024-06-10,24.2,21.2,29.6,8.9,,254,17,,1009.5,
2024-06-11,24,21.6,28.2,3,,252,17.6,,1009.8,
2024-06-12,24.4,21.5,29.2,3,,260,16.9,,1011.1,
2024-06-13,23.5,21.2,29,0,,258,14.1,,1011.3,
2024-06-14,24.9,21,29.6,4.1,,267,14.4,,1009.7,
2024-06-15,25.4,21.1,29.9,0,,259,13.1,,1009,
2024-06-16,24.5,20,29.4,0.5,,252,12.7,,1009.6,
2024-06-17,24.5,20.5,29.8,0.7,,248,12.1,,1009.7,
2024-06-18,24.1,20.3,29.4,5,,252,13.1,,1009.7,
2024-06-19,24.1,20.4,29.8,3.6,,256,13.2,,1008.6,
2024-06-20,24.2,22,31,0,,249,15.5,,1008.5,
2024-06-21,24.9,20.8,30.8,14,,257,15.8,,1008.7,
2024-06-22,24.1,20.2,28.7,0,,258,15.9,,1006.7,
2024-06-23,23.7,20.2,28.4,1.3,,244,15.8,,1005.9,
2024-06-24,24.5,20.9,30.3,0,,243,18.6,,1005.6,
2024-06-25,24.1,21.1,29,1.2,,242,19,,1005.5,
2024-06-26,23.9,21.5,29.9,0.3,,241,21,,1006.1,
2024-06-27,23.3,21.4,27.8,0,,244,19.3,,1007.7,
2024-06-28,24.2,21.3,29,0,,241,17.3,,1008.4,
2024-06-29,24.9,21.1,29.7,1,,242,15.2,,1009.3,
2024-06-30,23.8,21.8,29.7,0,,244,14,,1010.3,
2024-07-01,23.5,21.8,27.8,3,,244,15.8,,1010.2,
2024-07-02,24.5,21.3,29,2,,249,17.6,,1008.8,
2024-07-03,24.3,21.8,28.4,0,,249,14.7,,1009.2,
2024-07-04,24.3,21.4,28.8,3,,257,14.2,,1010.7,
2024-07-05,24.4,21.4,28.6,0,,243,15.7,,1009,
2024-07-06,24,20.4,29.5,2,,246,18.2,,1008,
2024-07-07,23.5,21.2,27.8,0,,252,16.2,,1008.1,
2024-07-08,22.7,20.2,27.6,1,,249,15.3,,1007.7,
2024-07-09,22.8,19.8,26.4,22.1,,256,15.4,,1008.3,
2024-07-10,24.3,20.2,29.2,0,,251,13.8,,1010.9,
2024-07-11,25.2,21.5,30.2,0,,259,13.1,,1010.2,
2024-07-12,23.2,19.8,30.2,12,,261,14.5,,1008.9,
2024-07-13,23.1,20.4,27.5,1.2,,258,17.9,,1008.5,
2024-07-14,22.4,20.6,25,2.1,,256,18.8,,1007,
2024-07-15,21.1,20.3,23.3,2,,246,19.5,,1006.3,
2024-07-16,22.1,20.2,24.4,8.9,,249,19.6,,1006.6,
2024-07-17,23.2,20,26.6,0.3,,251,19.1,,1007.9,
2024-07-18,21.8,20.5,27.6,0.3,,247,20.6,,1009.6,
2024-07-19,21,20.2,27,5.1,,252,20.4,,1007,
2024-07-20,22.7,19.8,26,3,,254,21.8,,1007.4,
2024-07-21,22.7,20.6,26.6,0,,251,21.8,,1008,
2024-07-22,22.9,20.2,26.2,5.3,,263,20.6,,1009.7,
2024-07-23,23.3,21,27.2,0.3,,257,20.6,,1010.4,
2024-07-24,22,20.2,27,1,,260,19.1,,1008.8,
2024-07-25,22.4,20.2,27.8,4.1,,255,21.2,,1007.4,
2024-07-26,23,21.1,26.9,0.5,,268,20.9,,1007.6,
2024-07-27,23.7,20.4,27.4,2,,269,22.3,,1008.2,
2024-07-28,22.8,21.2,28.3,0,,264,23.4,,1006.9,
2024-07-29,24,21,28.1,0,,253,19.5,,1006.1,
2024-07-30,22.1,21,28.1,1,,248,19.3,,1008.9,
2024-07-31,22.8,20.2,26.3,6.1,,253,17,,1010.5,
2024-08-01,22.9,20,27.2,27.9,,252,16.3,,1010.5,
2024-08-02,23.2,20.6,27,3,,260,17.1,,1010.3,
2024-08-03,23.1,20.2,27.5,0,,254,16.3,,1011.1,
2024-08-04,24.1,20.4,27.8,0,,256,14,,1011.2,
2024-08-05,22.8,19.2,28.4,9.5,,263,11.7,,1011.3,
2024-08-06,22.4,20.4,29.4,39.9,,270,10.8,,1010.4,
2024-08-07,22.7,20.3,29.2,1.8,,267,10.3,,1010.4,
2024-08-08,23.4,20.8,27.7,6.1,,277,11.9,,1011.1,
2024-08-09,24.3,20.5,28,0,,287,11.7,,1011.4,
2024-08-10,23.8,21,29.2,4.1,,292,9.4,,1011.2,
2024-08-11,25.7,21.4,29.8,0.5,,322,10,,1009.3,
2024-08-12,23.8,20.1,29,14.4,,333,10.6,,1008.3,
2024-08-13,26,22.4,29.5,0.8,,48,7.4,,1009,
2024-08-14,26.4,23,31,0,,66,7.1,,1008.1,
2024-08-15,24.9,21.6,28.8,6.3,,165,6,,1007.4,
2024-08-16,24.2,20.7,30.4,20.8,,269,5.9,,1006.9,
2024-08-17,24.3,19.8,28.6,3.2,,190,5.3,,1007.7,
2024-08-18,24.1,19.6,28.9,0.3,,254,4.9,,1008.4,
2024-08-19,23.9,20.5,29.8,31.8,,236,5.1,,1008,
2024-08-20,23.9,20,28.7,8.6,,251,5.4,,1008,
2024-08-21,23.5,20.4,27.8,1.8,,207,11.3,,1009.3,
2024-08-22,23.5,20.1,27.6,4.5,,232,15.1,,1010.5,
2024-08-23,23.9,19.3,28.4,0,,232,13,,1011.3,
2024-08-24,23.2,19.6,28,2.5,,239,17.3,,1011.9,
2024-08-25,22.9,19.9,26.4,0.1,,249,18.6,,1011.3,
2024-08-26,23.2,19.2,27.8,0,,250,18.4,,1010.6,
2024-08-27,23.1,19.7,27.4,0.5,,258,15.3,,1011.9,
2024-08-28,,,,,,,,,,
2024-08-29,22.1,,26.5,0,,,,,,
2024-08-30,22.5,20.2,26,26.9,,,,,,
2024-08-31,22.9,20,27,7.1,,,,,,
2024-09-01,23.9,20.8,,0,,,,,,
2024-09-02,,,,,,,,,,
2024-09-03,23.8,21.2,28.3,0,,,,,,
2024-09-04,23.9,20.8,28,0,,,,,,
2024-09-05,23.6,19.9,28.4,0.5,,267,15.5,,1009.5,
2024-09-06,23.4,20.1,27.9,1.4,,273,14.6,,1009.8,
2024-09-07,22.6,19.5,28,4.2,,263,15.2,,1010.9,
2024-09-08,22.8,20.1,27.4,1.1,,253,16.9,,1011.1,
2024-09-09,23.1,19.7,28.8,3.5,,253,16.7,,1009.1,
2024-09-10,23.4,20.8,29.6,0,,248,17.7,,1008.7,
2024-09-11,23.8,20.2,29.3,2,,254,16.1,,1010,
2024-09-12,24.4,20.5,29.2,0,,267,13.8,,1011.2,
2024-09-13,24.4,20.4,29.1,0,,269,14,,1010.9,
2024-09-14,23.1,18.7,28.5,1.5,,274,14.1,,1010.5,
2024-09-15,23.3,18.4,28.3,0.3,,282,15.9,,1010.5,
2024-09-16,22.8,17.5,28.4,0.8,,286,16.4,,1011,
2024-09-17,23.2,18.6,28.3,0.3,,282,17.1,,1010.3,
2024-09-18,22.8,17.5,28.6,0,,293,12.7,,1009.3,
2024-09-19,23,17.5,29.2,0.7,,277,12.3,,1009.4,
2024-09-20,25.6,20.8,31.1,2,,275,12.6,,1009.6,
2024-09-21,24.6,19.1,31.6,0,,280,14.4,,1009.8,
2024-09-22,24,20.1,31.1,2,,291,15,,1008.9,
2024-09-23,24.2,21.2,28.5,0.5,,273,15.7,,1008.2,
2024-09-24,24.3,21.6,29.3,2.3,,258,19,,1007.8,
2024-09-25,23.8,21.5,28.7,0,,264,18.9,,1007.8,
2024-09-26,23.6,19.7,28.7,0.3,,255,16.5,,1008.4,
2024-09-27,23.5,19.5,28.8,0.1,,264,12.6,,1010.6,
2024-09-28,23.1,19.4,28.7,7.8,,295,6.9,,1011.6,
2024-09-29,25.6,20.5,30,15,,111,9.8,,1012.3,
2024-09-30,26.1,22,30.8,0,,134,9.7,,1011.7,
2024-10-01,24.9,19.9,30.8,0.3,,143,8.5,,1010.5,
2024-10-02,24.2,20.5,30.4,2.3,,232,9.8,,1011.5,
2024-10-03,22.8,19.8,32.8,21.1,,298,11.9,,1011.8,
2024-10-04,24.3,21.2,29,7.9,,292,10.3,,1011.6,
2024-10-05,23.1,20.2,29.4,0,,300,8.8,,1012.1,
2024-10-06,24.3,20.4,28.5,24.9,,93,6.4,,1011.4,
2024-10-07,24.5,21.8,29.4,0,,92,11.5,,1012.4,
2024-10-08,25.1,21.5,29.4,0.5,,125,9.3,,1012.5,
2024-10-09,25.3,21.4,29.6,0,,130,11.6,,1011,
2024-10-10,25,21.6,29.3,0,,149,9.4,,1009.9,
2024-10-11,24.6,21.2,28.8,3,,134,10.7,,1009.9,
2024-10-12,24.1,20.9,29,0.3,,118,11.5,,1010.9,
2024-10-13,23.7,21.2,29.1,4.1,,109,12.2,,1011.1,
2024-10-14,22.1,19.5,27.4,3.3,,3,7.9,,1011.4,
2024-10-15,20.7,19.7,25.4,16,,25,8.9,,1010.9,
2024-10-16,21.1,19.6,21.9,66,,307,7.6,,1010.4,
2024-10-17,23.2,19.4,27.2,5.3,,247,9.6,,1009.9,
2024-10-18,24.3,20.2,28.2,0,,266,8.5,,1011,
2024-10-19,22.4,21.4,28.4,0.8,,357,6.2,,1012.4,
2024-10-20,23.8,20.9,26.2,20.3,,77,6.9,,1013.2,
2024-10-21,23.5,20.7,29.2,62,,124,7.2,,1013.3,
2024-10-22,23.5,19.8,28.4,17,,83,6.2,,1013.5,
2024-10-23,23.2,20.6,27.5,23.6,,40,5.6,,1012.6,
2024-10-24,22.5,19.9,30,14,,245,6,,1012.4,
2024-10-25,23.8,20.5,27.1,0,,326,7.4,,1012.2,
2024-10-26,21.4,17,26.5,0,,340,9.8,,1011.9,
2024-10-27,21.1,15.8,26.5,0,,315,8.6,,1011.2,
2024-10-28,22,16.6,27.3,0,,265,7.1,,1010.3,
2024-10-29,22.4,17.6,27.5,0.3,,297,7.9,,1011.4,
2024-10-30,22.4,17.9,27.3,0.8,,108,5.7,,1012.2,
2024-10-31,23.9,21.1,27.6,3.8,,93,6.1,,1013,
2024-11-01,24.3,21.3,27,0,,114,6.7,,1014.2,
2024-11-02,24.9,21,29.7,0.3,,99,9.5,,1014.5,
2024-11-03,24.8,20.4,29.4,1,,93,10.9,,1014.3,
2024-11-04,23.6,20.9,29.2,0,,93,11,,1013.5,
2024-11-05,23.2,19.3,29.3,0.8,,66,11.1,,1013.7,
2024-11-06,24.3,18.6,28.7,0,,49,11,,1013.9,
2024-11-07,22.5,18.7,26.9,1.6,,66,12.1,,1013.7,
2024-11-08,22.9,18,28.8,0,,72,12.9,,1013.5,
2024-11-09,22.4,17.8,27.7,0,,66,13.1,,1013.7,
2024-11-10,22,17.3,27.9,0,,57,11.5,,1013.8,
2024-11-11,22.3,17.2,27.7,0,,42,11.3,,1012.6,
2024-11-12,22.4,19.1,27.3,1.8,,39,12.7,,1012,
2024-11-13,23.5,20.6,25.9,0.8,,72,14.6,,1011.4,
2024-11-14,22.3,21.2,27.4,0,,89,13.1,,1012.9,
2024-11-15,22.5,20.4,26.8,4.1,,78,12.5,,1013.6,
2024-11-16,23.3,20.4,28.8,10.9,,85,13.4,,1013.2,
2024-11-17,23.8,20.3,27.8,3,,82,14.1,,1012.7,
2024-11-18,22.1,19,26.7,0.1,,81,13.1,,1013.5,
2024-11-19,21.9,18.4,26.7,0,,67,12.2,,1014.2,
2024-11-20,21.6,17,27.5,0,,91,10.7,,1013.7,
2024-11-21,21.3,17,27,0,,77,9.9,,1013.7,
2024-11-22,21.4,16.1,27.3,0,,67,10.1,,1013.4,
2024-11-23,22,16.2,28.1,0,,78,9.4,,1014,
2024-11-24,22.5,17.3,28.6,0,,76,10.6,,1013.8,
2024-11-25,21.7,16.8,27,0,,59,11.9,,1013.2,
2024-11-26,21.2,17.8,25.5,2.1,,42,15.9,,1012.5,
2024-11-27,21.2,18.1,24.4,0.5,,37,16.4,,1011.3,
2024-11-28,21.8,17.3,26.5,0,,25,15,,1011,
2024-11-29,21.2,18.4,25,0,,20,16.6,,1010.8,
2024-11-30,21.1,19,22.9,0.7,,354,19.3,,1009.2,
2024-12-01,21.1,19.7,24.3,14.2,,346,20.7,,1007.3,
2024-12-02,21.3,19.9,22.4,18.8,,66,16.9,,1007.4,
2024-12-03,22.1,20.3,26.9,39.9,,128,12.6,,1010.9,
2024-12-04,23,19.2,25.8,21.1,,102,11.6,,1012.9,
2024-12-05,23.2,20.2,26,2.5,,101,10.8,,1013.3,
2024-12-06,24.3,20.3,28.6,2,,106,8.7,,1013.5,
2024-12-07,24.2,20.2,28.7,0,,108,8.7,,1013,
2024-12-08,21.8,18.9,26.3,0,,126,9.2,,1012.9,
2024-12-09,21.5,17.8,26.6,0,,105,8.3,,1012.8,
2024-12-10,,,,,,,,,,
2024-12-11,,,,,,,,,,
2024-12-12,21,19.9,25.9,0,,,,,,
2024-12-13,21.3,19.8,24,5.1,,76,15,,1013.1,
2024-12-14,21.9,18.8,25.4,0.5,,67,13.5,,1014.5,
2024-12-15,21.2,16.6,26.6,0,,68,11.5,,1015.7,
2024-12-16,19.2,14.8,25,0,,61,10,,1014.6,
2024-12-17,20,14.2,26.7,0,,55,9.6,,1013,
2024-12-18,21.4,17,26.6,0.2,,33,10.8,,1012.1,
2024-12-19,23.6,19.4,26.3,0,,30,11.3,,1011.7,
2024-12-20,22.5,18.4,27.4,0,,350,8.9,,1011.5,
2024-12-21,22.6,18,28.6,0,,6,6.1,,1011.8,
2024-12-22,22.6,17.5,27.6,0,,95,6.6,,1012.5,
2024-12-23,22.1,18.3,26.7,0,,116,7.5,,1012.8,
2024-12-24,21.9,17.1,27.9,0,,68,6.6,,1012.6,
2024-12-25,22,16.7,27.7,0,,29,8.6,,1013.9,
2024-12-26,21.5,18.3,25.1,3.9,,59,15.8,,1015.6,
2024-12-27,21.1,18.7,24.8,2.2,,99,16.5,,1016.9,
2024-12-28,20.9,17.4,25.8,0,,100,13.2,,1016.7,
2024-12-29,20.9,16.3,26.4,0,,75,12.6,,1016.4,
2024-12-30,20.8,16.4,25.4,0,,65,14.6,,1016.4,
2024-12-31,21.1,16.4,27,0,,78,14.7,,1016.4,
