"timestamp","temp","humidity"
"2026-03-11T05:14:04.179Z","30","40"
"2026-03-11T05:14:17.670Z","31","41"
"2026-03-11T05:14:31.970Z","32","42"
"2026-03-11T05:14:40.873Z","33","43"
"2026-03-11T05:14:55.320Z","34","44"
"2026-03-11T05:15:01.540Z","35","45"
"2026-03-11T05:15:09.466Z","36","46"
"2026-03-11T05:15:17.050Z","37","47"
"2026-03-11T05:15:24.741Z","38","48"
"2026-03-11T05:15:32.268Z","39","49"
"2026-03-11T05:15:43.402Z","40","50"
"2026-03-11T05:15:54.592Z","41","51"
"2026-03-11T05:16:02.119Z","42","52"
"2026-03-11T05:16:08.309Z","43","53"
"2026-03-11T05:16:16.482Z","44","54"
"2026-03-11T05:16:23.174Z","45","55"
"2026-03-12T04:58:30.811Z","30","40"
"2026-03-12T05:52:26.644Z","100","101"